gene_identifier,gene_symbol,transcript_identifier,name,mapped_ncbi_identifier
ENSMUSG00000026778,Prkcq,ENSMUST00000028118,"protein kinase C, theta",NCBIGene:18761
ENSMUSG00000026837,Col5a1,ENSMUST00000028280,"collagen, type V, alpha 1",NCBIGene:12831
ENSMUSG00000001985,Grik3,ENSMUST00000030676,"glutamate receptor, ionotropic, kainate 3",NCBIGene:14807
ENSMUSG00000039323,Igfbp2,ENSMUST00000047328,insulin-like growth factor binding protein 2,NCBIGene:16008
ENSMUSG00000048387,Osr1,ENSMUST00000057021,odd-skipped related transcription factor 1,NCBIGene:23967
ENSMUSG00000027849,Syt6,ENSMUST00000090697,synaptotagmin VI,NCBIGene:54524
ENSMUSG00000033063,Cntnap3,ENSMUST00000091554,contactin associated protein-like 3,NCBIGene:238680
ENSMUSG00000030226,Lmo3,ENSMUST00000162772,LIM domain only 3,NCBIGene:109593
ENSMUSG00000020902,Ntn1,ENSMUST00000021284,netrin 1,NCBIGene:18208
ENSMUSG00000021685,Otp,ENSMUST00000022195,orthopedia homeobox,NCBIGene:18420
ENSMUSG00000028222,Calb1,ENSMUST00000029876,calbindin 1,NCBIGene:12307
ENSMUSG00000028753,Vwa5b1,ENSMUST00000030533,von Willebrand factor A domain containing 5B1,NCBIGene:75718
ENSMUSG00000033278,Ptprm,ENSMUST00000037974,"protein tyrosine phosphatase, receptor type, M",NCBIGene:19274
ENSMUSG00000060735,Rxfp3,ENSMUST00000058007,relaxin family peptide receptor 3,NCBIGene:239336
ENSMUSG00000052560,Cpne8,ENSMUST00000014777,copine VIII,NCBIGene:66871
ENSMUSG00000023046,Igfbp6,ENSMUST00000023807,insulin-like growth factor binding protein 6,NCBIGene:16012
ENSMUSG00000042258,Isl1,ENSMUST00000036060,"ISL1 transcription factor, LIM/homeodomain",NCBIGene:16392
ENSMUSG00000053930,Shisa6,ENSMUST00000123454,shisa family member 6,NCBIGene:380702
ENSMUSG00000087461,C230014O12Rik,ENSMUST00000134921,RIKEN cDNA C230014O12 gene,NCBIGene:329387
ENSMUSG00000028763,Hspg2,ENSMUST00000155648,perlecan (heparan sulfate proteoglycan 2),NCBIGene:15530
ENSMUSG00000028023,Pitx2,ENSMUST00000174661,paired-like homeodomain transcription factor 2,NCBIGene:18741
ENSMUSG00000000440,Pparg,ENSMUST00000203732,peroxisome proliferator activated receptor gamma,NCBIGene:19016
ENSMUSG00000003657,Calb2,ENSMUST00000003754,calbindin 2,NCBIGene:12308
ENSMUSG00000021508,Cxcl14,ENSMUST00000021970,chemokine (C-X-C motif) ligand 14,NCBIGene:57266
ENSMUSG00000038530,Rgs4,ENSMUST00000027991,regulator of G-protein signaling 4,NCBIGene:19736
ENSMUSG00000030500,Slc17a6,ENSMUST00000032710,"solute carrier family 17 (sodium-dependent inorganic phosphate cotransporter), member 6",NCBIGene:140919
ENSMUSG00000034098,Fstl5,ENSMUST00000038364,follistatin-like 5,NCBIGene:213262
ENSMUSG00000044447,Dock5,ENSMUST00000039135,dedicator of cytokinesis 5,NCBIGene:68813
ENSMUSG00000036760,Kcnk9,ENSMUST00000044624,"potassium channel, subfamily K, member 9",NCBIGene:223604
ENSMUSG00000046314,Stxbp6,ENSMUST00000053768,syntaxin binding protein 6 (amisyn),NCBIGene:217517
ENSMUSG00000008575,Nfib,ENSMUST00000064770,nuclear factor I/B,NCBIGene:18028
ENSMUSG00000020932,Gfap,ENSMUST00000067444,glial fibrillary acidic protein,NCBIGene:14580
ENSMUSG00000050953,Gja1,ENSMUST00000068581,"gap junction protein, alpha 1",NCBIGene:14609
ENSMUSG00000020053,Igf1,ENSMUST00000095360,insulin-like growth factor 1,NCBIGene:16000
ENSMUSG00000034353,Ramp1,ENSMUST00000097648,receptor (calcitonin) activity modifying protein 1,NCBIGene:51801
ENSMUSG00000024985,Tcf7l2,ENSMUST00000111656,"transcription factor 7 like 2, T cell specific, HMG box",NCBIGene:21416
ENSMUSG00000024990,Rbp4,ENSMUST00000112335,"retinol binding protein 4, plasma",NCBIGene:19662
ENSMUSG00000026315,Serpinb8,ENSMUST00000112706,"serine (or cysteine) peptidase inhibitor, clade B, member 8",NCBIGene:20725
ENSMUSG00000036192,Rorb,ENSMUST00000112832,RAR-related orphan receptor beta,NCBIGene:225998
ENSMUSG00000030022,Adamts9,ENSMUST00000113438,"a disintegrin-like and metallopeptidase (reprolysin type) with thrombospondin type 1 motif, 9",NCBIGene:101401
ENSMUSG00000046318,Ccbe1,ENSMUST00000130300,collagen and calcium binding EGF domains 1,NCBIGene:320924
ENSMUSG00000029361,Nos1,ENSMUST00000142742,"nitric oxide synthase 1, neuronal",NCBIGene:18125
ENSMUSG00000043969,Emx2,ENSMUST00000174353,empty spiracles homeobox 2,NCBIGene:13797
ENSMUSG00000048540,Nhlh2,ENSMUST00000196324,nescient helix loop helix 2,NCBIGene:18072
ENSMUSG00000024411,Aqp4,ENSMUST00000238946,aquaporin 4,NCBIGene:11829
ENSMUSG00000030495,Slc7a10,ENSMUST00000001854,"solute carrier family 7 (cationic amino acid transporter, y+ system), member 10",NCBIGene:53896
ENSMUSG00000020734,Grin2c,ENSMUST00000003351,"glutamate receptor, ionotropic, NMDA2C (epsilon 3)",NCBIGene:14813
ENSMUSG00000003974,Grm3,ENSMUST00000004076,"glutamate receptor, metabotropic 3",NCBIGene:108069
ENSMUSG00000005360,Slc1a3,ENSMUST00000005493,"solute carrier family 1 (glial high affinity glutamate transporter), member 3",NCBIGene:20512
ENSMUSG00000005716,Pvalb,ENSMUST00000005860,parvalbumin,NCBIGene:19293
ENSMUSG00000017493,Igfbp4,ENSMUST00000017637,insulin-like growth factor binding protein 4,NCBIGene:16010
ENSMUSG00000021536,Adcy2,ENSMUST00000022013,adenylate cyclase 2,NCBIGene:210044
ENSMUSG00000026235,Epha4,ENSMUST00000027451,Eph receptor A4,NCBIGene:13838
ENSMUSG00000026249,Serpine2,ENSMUST00000027467,"serine (or cysteine) peptidase inhibitor, clade E, member 2",NCBIGene:20720
ENSMUSG00000052430,Bmpr1b,ENSMUST00000029948,"bone morphogenetic protein receptor, type 1B",NCBIGene:12167
ENSMUSG00000032348,Gsta4,ENSMUST00000034903,"glutathione S-transferase, alpha 4",NCBIGene:14860
ENSMUSG00000034687,Fras1,ENSMUST00000036019,Fraser extracellular matrix complex subunit 1,NCBIGene:231470
ENSMUSG00000045672,Col27a1,ENSMUST00000036300,"collagen, type XXVII, alpha 1",NCBIGene:373864
ENSMUSG00000039114,Nrn1,ENSMUST00000037623,neuritin 1,NCBIGene:68404
ENSMUSG00000041540,Sox5,ENSMUST00000038815,SRY (sex determining region Y)-box 5,NCBIGene:20678
ENSMUSG00000040998,Npnt,ENSMUST00000042744,nephronectin,NCBIGene:114249
ENSMUSG00000035451,Foxa1,ENSMUST00000044380,forkhead box A1,NCBIGene:15375
ENSMUSG00000042793,Lgr6,ENSMUST00000044828,leucine-rich repeat-containing G protein-coupled receptor 6,NCBIGene:329252
ENSMUSG00000037771,Slc32a1,ENSMUST00000045738,"solute carrier family 32 (GABA vesicular transporter), member 1",NCBIGene:22348
ENSMUSG00000049555,Tmie,ENSMUST00000050958,transmembrane inner ear,NCBIGene:20776
ENSMUSG00000053441,Adamts19,ENSMUST00000052907,"a disintegrin-like and metallopeptidase (reprolysin type) with thrombospondin type 1 motif, 19",NCBIGene:240322
ENSMUSG00000044167,Foxo1,ENSMUST00000053764,forkhead box O1,NCBIGene:56458
ENSMUSG00000049001,Ndnf,ENSMUST00000054351,neuron-derived neurotrophic factor,NCBIGene:68169
ENSMUSG00000045515,Pou3f3,ENSMUST00000054883,"POU domain, class 3, transcription factor 3",NCBIGene:18993
ENSMUSG00000048332,Lhfp,ENSMUST00000059562,lipoma HMGIC fusion partner,NCBIGene:108927
ENSMUSG00000050840,Cdh20,ENSMUST00000062528,cadherin 20,NCBIGene:23836
ENSMUSG00000031980,Agt,ENSMUST00000063278,"angiotensinogen (serpin peptidase inhibitor, clade A, member 8)",NCBIGene:11606
ENSMUSG00000039706,Ldb2,ENSMUST00000070748,LIM domain binding 2,NCBIGene:16826
ENSMUSG00000059852,Kcng2,ENSMUST00000077962,"potassium voltage-gated channel, subfamily G, member 2",NCBIGene:240444
ENSMUSG00000066189,Cacng3,ENSMUST00000084615,"calcium channel, voltage-dependent, gamma subunit 3",NCBIGene:54376
ENSMUSG00000066687,Zbtb16,ENSMUST00000093852,zinc finger and BTB domain containing 16,NCBIGene:235320
ENSMUSG00000074637,Sox2,ENSMUST00000099151,SRY (sex determining region Y)-box 2,NCBIGene:20674
ENSMUSG00000038668,Lpar1,ENSMUST00000107570,lysophosphatidic acid receptor 1,NCBIGene:14745
ENSMUSG00000022382,Wnt7b,ENSMUST00000109424,"wingless-type MMTV integration site family, member 7B",NCBIGene:22422
ENSMUSG00000016386,Mpped2,ENSMUST00000111063,metallophosphoesterase domain containing 2,NCBIGene:77015
ENSMUSG00000038370,Pcp4l1,ENSMUST00000111332,Purkinje cell protein 4-like 1,NCBIGene:66425
ENSMUSG00000059325,Hopx,ENSMUST00000113453,HOP homeobox,NCBIGene:74318
ENSMUSG00000054162,Spock3,ENSMUST00000119068,"sparc/osteonectin, cwcv and kazal-like domains proteoglycan 3",NCBIGene:72902
ENSMUSG00000084890,A830036E02Rik,ENSMUST00000128904,RIKEN cDNA A830036E02 gene,NCBIGene:353123
ENSMUSG00000050541,Adra1b,ENSMUST00000139906,"adrenergic receptor, alpha 1b",NCBIGene:11548
ENSMUSG00000018819,Lsp1,ENSMUST00000140626,lymphocyte specific 1,NCBIGene:16985
ENSMUSG00000006800,Sulf2,ENSMUST00000146497,sulfatase 2,NCBIGene:72043
ENSMUSG00000026344,Lypd1,ENSMUST00000162899,Ly6/Plaur domain containing 1,NCBIGene:72585
ENSMUSG00000024683,Mrpl16,ENSMUST00000167199,mitochondrial ribosomal protein L16,NCBIGene:94063
ENSMUSG00000024647,Cbln2,ENSMUST00000169470,cerebellin 2 precursor protein,NCBIGene:12405
ENSMUSG00000025255,Zfhx4,ENSMUST00000176383,zinc finger homeodomain 4,NCBIGene:80892
ENSMUSG00000026872,Zeb2,ENSMUST00000176438,zinc finger E-box binding homeobox 2,NCBIGene:24136
ENSMUSG00000062151,Unc13c,ENSMUST00000184666,unc-13 homolog C,NCBIGene:208898
ENSMUSG00000021219,Rgs6,ENSMUST00000186458,regulator of G-protein signaling 6,NCBIGene:50779
ENSMUSG00000102692,Dchs2,ENSMUST00000191829,dachsous cadherin related 2,NCBIGene:100534287
ENSMUSG00000051910,Sox6,ENSMUST00000206034,SRY (sex determining region Y)-box 6,NCBIGene:20679
ENSMUSG00000044071,Tafa2,ENSMUST00000219723,TAFA chemokine like family member 2,NCBIGene:268354
ENSMUSG00000024420,Zfp521,ENSMUST00000234410,zinc finger protein 521,NCBIGene:225207
ENSMUSG00000027253,Lrp4,ENSMUST00000028689,low density lipoprotein receptor-related protein 4,NCBIGene:228357
ENSMUSG00000039037,St6galnac5,ENSMUST00000044278,"ST6 (alpha-N-acetyl-neuraminyl-2,3-beta-galactosyl-1,3)-N-acetylgalactosaminide alpha-2,6-sialyltransferase 5",NCBIGene:26938
ENSMUSG00000026343,Gpr39,ENSMUST00000159359,G protein-coupled receptor 39,NCBIGene:71111
ENSMUSG00000025905,Oprk1,ENSMUST00000160777,"opioid receptor, kappa 1",NCBIGene:18387
ENSMUSG00000110027,C030029H02Rik,ENSMUST00000210209,RIKEN cDNA C030029H02 gene,NCBIGene:77383
ENSMUSG00000046480,Scn4b,ENSMUST00000060125,"sodium channel, type IV, beta",NCBIGene:399548
ENSMUSG00000047712,Ust,ENSMUST00000061601,uronyl-2-sulfotransferase,NCBIGene:338362
ENSMUSG00000020000,Moxd1,ENSMUST00000095784,"monooxygenase, DBH-like 1",NCBIGene:59012
ENSMUSG00000074575,Kcng1,ENSMUST00000109191,"potassium voltage-gated channel, subfamily G, member 1",NCBIGene:241794
ENSMUSG00000009734,Pou6f2,ENSMUST00000139064,"POU domain, class 6, transcription factor 2",NCBIGene:218030
ENSMUSG00000099696,2900052N01Rik,ENSMUST00000189828,RIKEN cDNA 2900052N01 gene,NCBIGene:73040
ENSMUSG00000021732,Fgf10,ENSMUST00000022246,fibroblast growth factor 10,NCBIGene:14165
ENSMUSG00000032796,Lama1,ENSMUST00000035471,"laminin, alpha 1",NCBIGene:16772
ENSMUSG00000047139,Cd24a,ENSMUST00000058714,CD24a antigen,NCBIGene:12484
ENSMUSG00000048562,Sp8,ENSMUST00000063918,trans-acting transcription factor 8,NCBIGene:320145
ENSMUSG00000019929,Dcn,ENSMUST00000105287,decorin,NCBIGene:13179
ENSMUSG00000047161,Chst9,ENSMUST00000053017,carbohydrate (N-acetylgalactosamine 4-0) sulfotransferase 9,NCBIGene:71367
ENSMUSG00000063434,Sorcs3,ENSMUST00000078880,sortilin-related VPS10 domain containing receptor 3,NCBIGene:66673
ENSMUSG00000001435,Col18a1,ENSMUST00000081654,"collagen, type XVIII, alpha 1",NCBIGene:12822
ENSMUSG00000048763,Hoxb3,ENSMUST00000093944,homeobox B3,NCBIGene:15410
ENSMUSG00000048583,Igf2,ENSMUST00000000033,insulin-like growth factor 2,NCBIGene:16002
ENSMUSG00000016087,Fli1,ENSMUST00000016231,Friend leukemia integration 1,NCBIGene:14247
ENSMUSG00000018470,Kcnab3,ENSMUST00000018614,"potassium voltage-gated channel, shaker-related subfamily, beta member 3",NCBIGene:16499
ENSMUSG00000041272,Tox,ENSMUST00000039987,thymocyte selection-associated high mobility group box,NCBIGene:252838
ENSMUSG00000050121,Opalin,ENSMUST00000087176,oligodendrocytic myelin paranodal and inner loop protein,NCBIGene:226115
ENSMUSG00000030092,Cntn6,ENSMUST00000089215,contactin 6,NCBIGene:53870
ENSMUSG00000010476,Ebf3,ENSMUST00000169486,early B cell factor 3,NCBIGene:13593
ENSMUSG00000038805,Six3,ENSMUST00000175898,sine oculis-related homeobox 3,NCBIGene:20473
ENSMUSG00000022053,Ebf2,ENSMUST00000176161,early B cell factor 2,NCBIGene:13592
ENSMUSG00000027004,Frzb,ENSMUST00000028389,frizzled-related protein,NCBIGene:20378
ENSMUSG00000030666,Calcb,ENSMUST00000032902,"calcitonin-related polypeptide, beta",NCBIGene:116903
ENSMUSG00000038700,Hoxb5,ENSMUST00000049272,homeobox B5,NCBIGene:15413
ENSMUSG00000048988,Elfn1,ENSMUST00000050519,"leucine rich repeat and fibronectin type III, extracellular 1",NCBIGene:243312
ENSMUSG00000068696,Gpr88,ENSMUST00000090473,G-protein coupled receptor 88,NCBIGene:64378
ENSMUSG00000043668,Tox3,ENSMUST00000109621,TOX high mobility group box family member 3,NCBIGene:244579
ENSMUSG00000036198,Arhgap36,ENSMUST00000114904,Rho GTPase activating protein 36,NCBIGene:75404
ENSMUSG00000035258,Abi3bp,ENSMUST00000096012,"ABI gene family, member 3 (NESH) binding protein",NCBIGene:320712
ENSMUSG00000040856,Dlk1,ENSMUST00000173539,delta like non-canonical Notch ligand 1,NCBIGene:13386
ENSMUSG00000025370,Cdh9,ENSMUST00000228307,cadherin 9,NCBIGene:12565
ENSMUSG00000033006,Sox10,ENSMUST00000230532,SRY (sex determining region Y)-box 10,NCBIGene:20665
ENSMUSG00000026841,Fibcd1,ENSMUST00000028188,fibrinogen C domain containing 1,NCBIGene:98970
ENSMUSG00000052504,Epha3,ENSMUST00000064405,Eph receptor A3,NCBIGene:13837
ENSMUSG00000005672,Kit,ENSMUST00000005815,KIT proto-oncogene receptor tyrosine kinase,NCBIGene:16590
ENSMUSG00000026676,Ccdc3,ENSMUST00000027988,coiled-coil domain containing 3,NCBIGene:74186
ENSMUSG00000028341,Nr4a3,ENSMUST00000030025,"nuclear receptor subfamily 4, group A, member 3",NCBIGene:18124
ENSMUSG00000035783,Acta2,ENSMUST00000039631,"actin, alpha 2, smooth muscle, aorta",NCBIGene:11475
ENSMUSG00000036972,Zic4,ENSMUST00000066384,zinc finger protein of the cerebellum 4,NCBIGene:22774
ENSMUSG00000034009,Rxfp1,ENSMUST00000078527,relaxin/insulin-like family peptide receptor 1,NCBIGene:381489
ENSMUSG00000001870,Ltbp1,ENSMUST00000112516,latent transforming growth factor beta binding protein 1,NCBIGene:268977
ENSMUSG00000002944,Cd36,ENSMUST00000169095,CD36 molecule,NCBIGene:12491
ENSMUSG00000066705,Fxyd6,ENSMUST00000217381,FXYD domain-containing ion transport regulator 6,NCBIGene:59095
ENSMUSG00000014030,Pax5,ENSMUST00000014174,paired box 5,NCBIGene:18507
ENSMUSG00000026976,Pax8,ENSMUST00000028355,paired box 8,NCBIGene:18510
ENSMUSG00000045518,Onecut3,ENSMUST00000051773,"one cut domain, family member 3",NCBIGene:246086
ENSMUSG00000024256,Adcyap1,ENSMUST00000064775,adenylate cyclase activating polypeptide 1,NCBIGene:11516
ENSMUSG00000023169,Slc38a1,ENSMUST00000088454,"solute carrier family 38, member 1",NCBIGene:105727
ENSMUSG00000045613,Chrm2,ENSMUST00000172278,"cholinergic receptor, muscarinic 2, cardiac",NCBIGene:243764
ENSMUSG00000021032,Ngb,ENSMUST00000021420,neuroglobin,NCBIGene:64242
ENSMUSG00000026787,Gad2,ENSMUST00000028123,glutamic acid decarboxylase 2,NCBIGene:14417
ENSMUSG00000044288,Cnr1,ENSMUST00000057188,cannabinoid receptor 1 (brain),NCBIGene:12801
ENSMUSG00000032232,Cgnl1,ENSMUST00000072899,cingulin-like 1,NCBIGene:68178
ENSMUSG00000067578,Cbln4,ENSMUST00000087950,cerebellin 4 precursor protein,NCBIGene:228942
ENSMUSG00000029659,Medag,ENSMUST00000093110,mesenteric estrogen dependent adipogenesis,NCBIGene:70717
ENSMUSG00000021614,Vcan,ENSMUST00000109546,versican,NCBIGene:13003
ENSMUSG00000074736,Syndig1,ENSMUST00000109935,synapse differentiation inducing 1,NCBIGene:433485
ENSMUSG00000047507,Baiap3,ENSMUST00000182056,BAI1-associated protein 3,NCBIGene:545192
ENSMUSG00000025400,Tac2,ENSMUST00000026466,tachykinin 2,NCBIGene:21334
ENSMUSG00000027737,Slc7a11,ENSMUST00000029297,"solute carrier family 7 (cationic amino acid transporter, y+ system), member 11",NCBIGene:26570
ENSMUSG00000032502,Stac,ENSMUST00000035083,src homology three (SH3) and cysteine rich domain,NCBIGene:20840
ENSMUSG00000041378,Cldn5,ENSMUST00000043577,claudin 5,NCBIGene:12741
ENSMUSG00000037362,Ccn3,ENSMUST00000050027,cellular communication network factor 3,NCBIGene:18133
ENSMUSG00000012443,Kif11,ENSMUST00000012587,kinesin family member 11,NCBIGene:16551
ENSMUSG00000019890,Nts,ENSMUST00000020040,neurotensin,NCBIGene:67405
ENSMUSG00000045648,Vwc2l,ENSMUST00000053922,von Willebrand factor C domain-containing protein 2-like,NCBIGene:320460
ENSMUSG00000027966,Col11a1,ENSMUST00000092155,"collagen, type XI, alpha 1",NCBIGene:12814
ENSMUSG00000076439,Mog,ENSMUST00000102665,myelin oligodendrocyte glycoprotein,NCBIGene:17441
ENSMUSG00000046593,Tmem215,ENSMUST00000179526,transmembrane protein 215,NCBIGene:320500
ENSMUSG00000042596,Tfap2d,ENSMUST00000037294,"transcription factor AP-2, delta",NCBIGene:226896
ENSMUSG00000028369,Svep1,ENSMUST00000042850,"sushi, von Willebrand factor type A, EGF and pentraxin domain containing 1",NCBIGene:64817
ENSMUSG00000018589,Glra2,ENSMUST00000058787,"glycine receptor, alpha 2 subunit",NCBIGene:237213
ENSMUSG00000053025,Sv2b,ENSMUST00000085164,synaptic vesicle glycoprotein 2 b,NCBIGene:64176
ENSMUSG00000039137,Whrn,ENSMUST00000095037,whirlin,NCBIGene:73750
ENSMUSG00000055435,Maf,ENSMUST00000109104,avian musculoaponeurotic fibrosarcoma oncogene homolog,NCBIGene:17132
ENSMUSG00000022949,Clic6,ENSMUST00000023670,chloride intracellular channel 6,NCBIGene:209195
ENSMUSG00000041046,Ramp3,ENSMUST00000045374,receptor (calcitonin) activity modifying protein 3,NCBIGene:56089
ENSMUSG00000071234,Syndig1l,ENSMUST00000095550,synapse differentiation inducing 1 like,NCBIGene:627191
ENSMUSG00000021835,Bmp4,ENSMUST00000100676,bone morphogenetic protein 4,NCBIGene:12159
ENSMUSG00000076617,Ighm,ENSMUST00000103426,immunoglobulin heavy constant mu,NCBIGene:16019
ENSMUSG00000028364,Tnc,ENSMUST00000107377,tenascin C,NCBIGene:21923
ENSMUSG00000021478,Drd1,ENSMUST00000221470,dopamine receptor D1,NCBIGene:13488
ENSMUSG00000001504,Irx2,ENSMUST00000074372,Iroquois homeobox 2,NCBIGene:16372
ENSMUSG00000029822,Osbpl3,ENSMUST00000114468,oxysterol binding protein-like 3,NCBIGene:71720
ENSMUSG00000038642,Ctss,ENSMUST00000116304,cathepsin S,NCBIGene:13040
ENSMUSG00000021337,Scgn,ENSMUST00000021770,"secretagogin, EF-hand calcium binding protein",NCBIGene:214189
ENSMUSG00000032034,Kcnj5,ENSMUST00000034533,"potassium inwardly-rectifying channel, subfamily J, member 5",NCBIGene:16521
ENSMUSG00000055639,Dach1,ENSMUST00000069334,dachshund family transcription factor 1,NCBIGene:13134
ENSMUSG00000061013,Mkx,ENSMUST00000079788,mohawk homeobox,NCBIGene:210719
ENSMUSG00000022148,Fyb,ENSMUST00000090461,FYN binding protein,NCBIGene:23880
ENSMUSG00000027347,Rasgrp1,ENSMUST00000102534,RAS guanyl releasing protein 1,NCBIGene:19419
ENSMUSG00000019848,Popdc3,ENSMUST00000019994,popeye domain containing 3,NCBIGene:78977
ENSMUSG00000025946,Pth2r,ENSMUST00000027083,parathyroid hormone 2 receptor,NCBIGene:213527
ENSMUSG00000031520,Vegfc,ENSMUST00000033919,vascular endothelial growth factor C,NCBIGene:22341
ENSMUSG00000039728,Slc6a5,ENSMUST00000056442,"solute carrier family 6 (neurotransmitter transporter, glycine), member 5",NCBIGene:104245
ENSMUSG00000045573,Penk,ENSMUST00000070375,preproenkephalin,NCBIGene:18619
ENSMUSG00000025810,Nrp1,ENSMUST00000026917,neuropilin 1,NCBIGene:18186
ENSMUSG00000027833,Shox2,ENSMUST00000162098,short stature homeobox 2,NCBIGene:20429
ENSMUSG00000024798,Htr7,ENSMUST00000164639,5-hydroxytryptamine (serotonin) receptor 7,NCBIGene:15566
ENSMUSG00000063626,Unc5d,ENSMUST00000168630,unc-5 netrin receptor D,NCBIGene:210801
ENSMUSG00000024211,Grm8,ENSMUST00000115323,"glutamate receptor, metabotropic 8",NCBIGene:14823
ENSMUSG00000043456,Zfp536,ENSMUST00000176129,zinc finger protein 536,NCBIGene:243937
ENSMUSG00000032368,Zic1,ENSMUST00000034927,zinc finger protein of the cerebellum 1,NCBIGene:22771
ENSMUSG00000035305,Ror1,ENSMUST00000039630,receptor tyrosine kinase-like orphan receptor 1,NCBIGene:26563
ENSMUSG00000037653,Kctd8,ENSMUST00000054095,potassium channel tetramerisation domain containing 8,NCBIGene:243043
ENSMUSG00000017897,Eya2,ENSMUST00000063433,EYA transcriptional coactivator and phosphatase 2,NCBIGene:14049
ENSMUSG00000048251,Bcl11b,ENSMUST00000066060,B cell leukemia/lymphoma 11B,NCBIGene:58208
ENSMUSG00000057777,Mab21l2,ENSMUST00000077524,mab-21-like 2,NCBIGene:23937
ENSMUSG00000070570,Slc17a7,ENSMUST00000085374,"solute carrier family 17 (sodium-dependent inorganic phosphate cotransporter), member 7",NCBIGene:72961
ENSMUSG00000036545,Adamts2,ENSMUST00000142118,"a disintegrin-like and metallopeptidase (reprolysin type) with thrombospondin type 1 motif, 2",NCBIGene:216725
ENSMUSG00000062393,Dgkk,ENSMUST00000145302,diacylglycerol kinase kappa,NCBIGene:331374
ENSMUSG00000038296,Galnt18,ENSMUST00000106663,polypeptide N-acetylgalactosaminyltransferase 18,NCBIGene:233733
ENSMUSG00000002688,Prkd1,ENSMUST00000002765,protein kinase D1,NCBIGene:18760
ENSMUSG00000024526,Cidea,ENSMUST00000025404,"cell death-inducing DNA fragmentation factor, alpha subunit-like effector A",NCBIGene:12683
ENSMUSG00000027230,Creb3l1,ENSMUST00000028663,cAMP responsive element binding protein 3-like 1,NCBIGene:26427
ENSMUSG00000045532,C1ql1,ENSMUST00000057849,"complement component 1, q subcomponent-like 1",NCBIGene:23829
ENSMUSG00000078591,Hs3st4,ENSMUST00000106437,heparan sulfate (glucosamine) 3-O-sulfotransferase 4,NCBIGene:628779
ENSMUSG00000026247,Ecel1,ENSMUST00000160810,endothelin converting enzyme-like 1,NCBIGene:13599
ENSMUSG00000032006,Pdgfd,ENSMUST00000058692,"platelet-derived growth factor, D polypeptide",NCBIGene:71785
ENSMUSG00000046178,Nxph1,ENSMUST00000060369,neurexophilin 1,NCBIGene:18231
ENSMUSG00000062252,Lhfpl5,ENSMUST00000080780,lipoma HMGIC fusion partner-like 5,NCBIGene:328789
ENSMUSG00000057098,Ebf1,ENSMUST00000081265,early B cell factor 1,NCBIGene:13591
ENSMUSG00000050063,Klk6,ENSMUST00000107968,kallikrein related-peptidase 6,NCBIGene:19144
ENSMUSG00000000184,Ccnd2,ENSMUST00000000188,cyclin D2,NCBIGene:12444
ENSMUSG00000038257,Glra3,ENSMUST00000000275,"glycine receptor, alpha 3 subunit",NCBIGene:110304
ENSMUSG00000001815,Evx2,ENSMUST00000001867,even-skipped homeobox 2,NCBIGene:14029
ENSMUSG00000003411,Rab3b,ENSMUST00000003502,"RAB3B, member RAS oncogene family",NCBIGene:69908
ENSMUSG00000003746,Man1a,ENSMUST00000003843,"mannosidase 1, alpha",NCBIGene:17155
ENSMUSG00000004655,Aqp1,ENSMUST00000004774,aquaporin 1,NCBIGene:11826
ENSMUSG00000005124,Ccn4,ENSMUST00000005255,cellular communication network factor 4,NCBIGene:22402
ENSMUSG00000012520,Phox2b,ENSMUST00000012664,paired-like homeobox 2b,NCBIGene:18935
ENSMUSG00000015568,Lpl,ENSMUST00000015712,lipoprotein lipase,NCBIGene:16956
ENSMUSG00000016494,Cd34,ENSMUST00000016638,CD34 antigen,NCBIGene:12490
ENSMUSG00000018698,Lhx1,ENSMUST00000018842,LIM homeobox protein 1,NCBIGene:16869
ENSMUSG00000019935,Slc17a8,ENSMUST00000020102,"solute carrier family 17 (sodium-dependent inorganic phosphate cotransporter), member 8",NCBIGene:216227
ENSMUSG00000020218,Wif1,ENSMUST00000020439,Wnt inhibitory factor 1,NCBIGene:24117
ENSMUSG00000020672,Sntg2,ENSMUST00000021004,"syntrophin, gamma 2",NCBIGene:268534
ENSMUSG00000021609,Slc6a3,ENSMUST00000022100,"solute carrier family 6 (neurotransmitter transporter, dopamine), member 3",NCBIGene:13162
ENSMUSG00000021647,Cartpt,ENSMUST00000022150,CART prepropeptide,NCBIGene:27220
ENSMUSG00000059456,Ptk2b,ENSMUST00000022622,PTK2 protein tyrosine kinase 2 beta,NCBIGene:19229
ENSMUSG00000022309,Angpt1,ENSMUST00000022921,angiopoietin 1,NCBIGene:11600
ENSMUSG00000022860,Chodl,ENSMUST00000023568,chondrolectin,NCBIGene:246048
ENSMUSG00000043144,Aqp6,ENSMUST00000023754,aquaporin 6,NCBIGene:11831
ENSMUSG00000023886,Smoc2,ENSMUST00000024660,SPARC related modular calcium binding 2,NCBIGene:64074
ENSMUSG00000023959,Clic5,ENSMUST00000024755,chloride intracellular channel 5,NCBIGene:224796
ENSMUSG00000024043,Arhgap28,ENSMUST00000024840,Rho GTPase activating protein 28,NCBIGene:268970
ENSMUSG00000024076,Vit,ENSMUST00000024880,vitrin,NCBIGene:74199
ENSMUSG00000024598,Fbn2,ENSMUST00000025497,fibrillin 2,NCBIGene:14119
ENSMUSG00000025213,Kazald1,ENSMUST00000026234,Kazal-type serine peptidase inhibitor domain 1,NCBIGene:107250
ENSMUSG00000026355,Mcm6,ENSMUST00000027601,minichromosome maintenance complex component 6,NCBIGene:17219
ENSMUSG00000005763,Cd247,ENSMUST00000027849,CD247 antigen,NCBIGene:12503
ENSMUSG00000026826,Nr4a2,ENSMUST00000028166,"nuclear receptor subfamily 4, group A, member 2",NCBIGene:18227
ENSMUSG00000027360,Hdc,ENSMUST00000028838,histidine decarboxylase,NCBIGene:15186
ENSMUSG00000027400,Pdyn,ENSMUST00000028883,prodynorphin,NCBIGene:18610
ENSMUSG00000028172,Tacr3,ENSMUST00000029822,tachykinin receptor 3,NCBIGene:21338
ENSMUSG00000028736,Pax7,ENSMUST00000030508,paired box 7,NCBIGene:18509
ENSMUSG00000028780,Sema3c,ENSMUST00000030568,"sema domain, immunoglobulin domain (Ig), short basic domain, secreted, (semaphorin) 3C",NCBIGene:20348
ENSMUSG00000028871,Rspo1,ENSMUST00000030687,R-spondin 1,NCBIGene:192199
ENSMUSG00000029135,Fosl2,ENSMUST00000031017,fos-like antigen 2,NCBIGene:14284
ENSMUSG00000029335,Bmp3,ENSMUST00000031278,bone morphogenetic protein 3,NCBIGene:110075
ENSMUSG00000030551,Nr2f2,ENSMUST00000032768,"nuclear receptor subfamily 2, group F, member 2",NCBIGene:11819
ENSMUSG00000030905,Crym,ENSMUST00000033198,"crystallin, mu",NCBIGene:12971
ENSMUSG00000031613,Hpgd,ENSMUST00000034026,hydroxyprostaglandin dehydrogenase 15 (NAD),NCBIGene:15446
ENSMUSG00000031932,Gpr83,ENSMUST00000034408,G protein-coupled receptor 83,NCBIGene:14608
ENSMUSG00000032265,Tent5a,ENSMUST00000034802,terminal nucleotidyltransferase 5A,NCBIGene:212943
ENSMUSG00000032440,Tgfbr2,ENSMUST00000035014,"transforming growth factor, beta receptor II",NCBIGene:21813
ENSMUSG00000039385,Cdh6,ENSMUST00000036439,cadherin 6,NCBIGene:12563
ENSMUSG00000034997,Htr2a,ENSMUST00000036653,5-hydroxytryptamine (serotonin) receptor 2A,NCBIGene:15558
ENSMUSG00000036111,Lmo1,ENSMUST00000036992,LIM domain only 1,NCBIGene:109594
ENSMUSG00000038760,Trhr,ENSMUST00000038856,thyrotropin releasing hormone receptor,NCBIGene:22045
ENSMUSG00000041703,Zic5,ENSMUST00000039118,zinc finger protein of the cerebellum 5,NCBIGene:65100
ENSMUSG00000035580,Kcnh8,ENSMUST00000039366,"potassium voltage-gated channel, subfamily H (eag-related), member 8",NCBIGene:211468
ENSMUSG00000035105,Egln3,ENSMUST00000039516,egl-9 family hypoxia-inducible factor 3,NCBIGene:112407
ENSMUSG00000036430,Tbcc,ENSMUST00000040434,tubulin-specific chaperone C,NCBIGene:72726
ENSMUSG00000034981,Parm1,ENSMUST00000040576,prostate androgen-regulated mucin-like protein 1,NCBIGene:231440
ENSMUSG00000040536,Necab1,ENSMUST00000041606,N-terminal EF-hand calcium binding protein 1,NCBIGene:69352
ENSMUSG00000039358,Drd5,ENSMUST00000041646,dopamine receptor D5,NCBIGene:13492
ENSMUSG00000037681,Esyt3,ENSMUST00000042158,extended synaptotagmin-like protein 3,NCBIGene:272636
ENSMUSG00000034810,Scn7a,ENSMUST00000042792,"sodium channel, voltage-gated, type VII, alpha",NCBIGene:20272
ENSMUSG00000041741,Pde3a,ENSMUST00000043259,"phosphodiesterase 3A, cGMP inhibited",NCBIGene:54611
ENSMUSG00000041301,Cftr,ENSMUST00000045706,cystic fibrosis transmembrane conductance regulator,NCBIGene:12638
ENSMUSG00000038156,Spon1,ENSMUST00000046687,"spondin 1, (f-spondin) extracellular matrix protein",NCBIGene:233744
ENSMUSG00000041482,Piezo2,ENSMUST00000047480,piezo-type mechanosensitive ion channel component 2,NCBIGene:667742
ENSMUSG00000037868,Egr2,ENSMUST00000048289,early growth response 2,NCBIGene:13654
ENSMUSG00000050377,Il31ra,ENSMUST00000051756,interleukin 31 receptor A,NCBIGene:218624
ENSMUSG00000056648,Hoxb8,ENSMUST00000052650,homeobox B8,NCBIGene:15416
ENSMUSG00000048327,Ckap2l,ENSMUST00000052708,cytoskeleton associated protein 2-like,NCBIGene:70466
ENSMUSG00000002930,Ppp1r17,ENSMUST00000052827,"protein phosphatase 1, regulatory subunit 17",NCBIGene:19051
ENSMUSG00000048138,Dmrt2,ENSMUST00000053068,doublesex and mab-3 related transcription factor 2,NCBIGene:226049
ENSMUSG00000049112,Oxtr,ENSMUST00000053306,oxytocin receptor,NCBIGene:18430
ENSMUSG00000022306,Zfpm2,ENSMUST00000053467,"zinc finger protein, multitype 2",NCBIGene:22762
ENSMUSG00000049744,Arhgap15,ENSMUST00000055776,Rho GTPase activating protein 15,NCBIGene:76117
ENSMUSG00000050511,Oprd1,ENSMUST00000056336,"opioid receptor, delta 1",NCBIGene:18386
ENSMUSG00000050830,Vwc2,ENSMUST00000056344,von Willebrand factor C domain containing 2,NCBIGene:319922
ENSMUSG00000027270,Lamp5,ENSMUST00000057503,"lysosomal-associated membrane protein family, member 5",NCBIGene:76161
ENSMUSG00000043441,Gpr149,ENSMUST00000058535,G protein-coupled receptor 149,NCBIGene:229357
ENSMUSG00000044393,Dsg2,ENSMUST00000059787,desmoglein 2,NCBIGene:13511
ENSMUSG00000044317,Gpr4,ENSMUST00000060225,G protein-coupled receptor 4,NCBIGene:319197
ENSMUSG00000049796,Crh,ENSMUST00000061294,corticotropin releasing hormone,NCBIGene:12918
ENSMUSG00000049630,C1ql3,ENSMUST00000061545,C1q-like 3,NCBIGene:227580
ENSMUSG00000047945,Marcksl1,ENSMUST00000062356,MARCKS-like 1,NCBIGene:17357
ENSMUSG00000048402,Gli2,ENSMUST00000062483,GLI-Kruppel family member GLI2,NCBIGene:14633
ENSMUSG00000051980,Casr,ENSMUST00000063597,calcium-sensing receptor,NCBIGene:12374
ENSMUSG00000032511,Scn5a,ENSMUST00000065196,"sodium channel, voltage-gated, type V, alpha",NCBIGene:20271
ENSMUSG00000024553,Galr1,ENSMUST00000065224,galanin receptor 1,NCBIGene:14427
ENSMUSG00000049115,Agtr1a,ENSMUST00000066412,"angiotensin II receptor, type 1a",NCBIGene:11607
ENSMUSG00000054160,Nkx2-4,ENSMUST00000067020,NK2 homeobox 4,NCBIGene:228731
ENSMUSG00000022231,Sema5a,ENSMUST00000067458,"sema domain, seven thrombospondin repeats (type 1 and type 1-like), transmembrane domain (TM) and short cytoplasmic domain, (semaphorin) 5A",NCBIGene:20356
ENSMUSG00000055110,A630012P03Rik,ENSMUST00000068507,RIKEN cDNA A630012P03 gene,NCBIGene:100504594
ENSMUSG00000028173,Wls,ENSMUST00000068952,wntless WNT ligand secretion mediator,NCBIGene:68151
ENSMUSG00000036466,Megf11,ENSMUST00000068967,multiple EGF-like-domains 11,NCBIGene:214058
ENSMUSG00000055653,Gpc3,ENSMUST00000069360,glypican 3,NCBIGene:14734
ENSMUSG00000047344,Lancl3,ENSMUST00000069763,LanC lantibiotic synthetase component C-like 3 (bacterial),NCBIGene:236285
ENSMUSG00000056427,Slit3,ENSMUST00000069837,slit guidance ligand 3,NCBIGene:20564
ENSMUSG00000021919,Chat,ENSMUST00000070125,choline acetyltransferase,NCBIGene:12647
ENSMUSG00000059991,Nptx2,ENSMUST00000071782,neuronal pentraxin 2,NCBIGene:53324
ENSMUSG00000064179,Tnnt1,ENSMUST00000071798,"troponin T1, skeletal, slow",NCBIGene:21955
ENSMUSG00000063531,Sema3e,ENSMUST00000073957,"sema domain, immunoglobulin domain (Ig), short basic domain, secreted, (semaphorin) 3E",NCBIGene:20349
ENSMUSG00000062372,Otof,ENSMUST00000074171,otoferlin,NCBIGene:83762
ENSMUSG00000066842,Hmcn1,ENSMUST00000074783,hemicentin 1,NCBIGene:545370
ENSMUSG00000035357,Pdzrn3,ENSMUST00000075994,PDZ domain containing RING finger 3,NCBIGene:55983
ENSMUSG00000064254,Ethe1,ENSMUST00000077191,ethylmalonic encephalopathy 1,NCBIGene:66071
ENSMUSG00000058488,Kl,ENSMUST00000078856,klotho,NCBIGene:16591
ENSMUSG00000058665,En1,ENSMUST00000079721,engrailed 1,NCBIGene:13798
ENSMUSG00000058183,Mmel1,ENSMUST00000080559,membrane metallo-endopeptidase-like 1,NCBIGene:27390
ENSMUSG00000058420,Syt17,ENSMUST00000081574,synaptotagmin XVII,NCBIGene:110058
ENSMUSG00000018339,Gpx3,ENSMUST00000082430,glutathione peroxidase 3,NCBIGene:14778
ENSMUSG00000028370,Pappa,ENSMUST00000084501,pregnancy-associated plasma protein A,NCBIGene:18491
ENSMUSG00000046321,Hs3st2,ENSMUST00000084628,heparan sulfate (glucosamine) 3-O-sulfotransferase 2,NCBIGene:195646
ENSMUSG00000034384,Barhl2,ENSMUST00000086795,BarH like homeobox 2,NCBIGene:104382
ENSMUSG00000058624,Gda,ENSMUST00000087600,guanine deaminase,NCBIGene:14544
ENSMUSG00000070687,Htr1d,ENSMUST00000088677,5-hydroxytryptamine (serotonin) receptor 1D,NCBIGene:15552
ENSMUSG00000030110,Ret,ENSMUST00000088790,ret proto-oncogene,NCBIGene:19713
ENSMUSG00000068196,Col8a1,ENSMUST00000089332,"collagen, type VIII, alpha 1",NCBIGene:12837
ENSMUSG00000068859,Sp9,ENSMUST00000090813,trans-acting transcription factor 9,NCBIGene:381373
ENSMUSG00000069171,Nr2f1,ENSMUST00000091458,"nuclear receptor subfamily 2, group F, member 1",NCBIGene:13865
ENSMUSG00000069372,Ctxn3,ENSMUST00000091892,cortexin 3,NCBIGene:629147
ENSMUSG00000070366,Plpp4,ENSMUST00000094018,phospholipid phosphatase 4,NCBIGene:381925
ENSMUSG00000070407,Hs3st3b1,ENSMUST00000094103,heparan sulfate (glucosamine) 3-O-sulfotransferase 3B1,NCBIGene:54710
ENSMUSG00000040258,Nxph4,ENSMUST00000095266,neurexophilin 4,NCBIGene:104080
ENSMUSG00000023945,Slc5a7,ENSMUST00000095712,"solute carrier family 5 (choline transporter), member 7",NCBIGene:63993
ENSMUSG00000042961,Egflam,ENSMUST00000096494,"EGF-like, fibronectin type III and laminin G domains",NCBIGene:268780
ENSMUSG00000074934,Grem1,ENSMUST00000099575,"gremlin 1, DAN family BMP antagonist",NCBIGene:23892
ENSMUSG00000060487,Samd5,ENSMUST00000100070,sterile alpha motif domain containing 5,NCBIGene:320825
ENSMUSG00000075334,Rprm,ENSMUST00000100089,"reprimo, TP53 dependent G2 arrest mediator candidate",NCBIGene:67874
ENSMUSG00000030249,Abcc9,ENSMUST00000100827,"ATP-binding cassette, sub-family C (CFTR/MRP), member 9",NCBIGene:20928
ENSMUSG00000030047,Arhgap25,ENSMUST00000101197,Rho GTPase activating protein 25,NCBIGene:232201
ENSMUSG00000053519,Kcnip1,ENSMUST00000101368,Kv channel-interacting protein 1,NCBIGene:70357
ENSMUSG00000059173,Pde1a,ENSMUST00000102655,"phosphodiesterase 1A, calmodulin-dependent",NCBIGene:18573
ENSMUSG00000063564,Col23a1,ENSMUST00000102765,"collagen, type XXIII, alpha 1",NCBIGene:237759
ENSMUSG00000028487,Bnc2,ENSMUST00000102820,basonuclin 2,NCBIGene:242509
ENSMUSG00000069132,Nxph2,ENSMUST00000102945,neurexophilin 2,NCBIGene:18232
ENSMUSG00000015619,Gata3,ENSMUST00000102976,GATA binding protein 3,NCBIGene:14462
ENSMUSG00000019966,Kitl,ENSMUST00000105283,kit ligand,NCBIGene:17311
ENSMUSG00000000805,Car4,ENSMUST00000108076,carbonic anhydrase 4,NCBIGene:12351
ENSMUSG00000027684,Mecom,ENSMUST00000108271,MDS1 and EVI1 complex locus,NCBIGene:14013
ENSMUSG00000047907,Tshz2,ENSMUST00000109159,teashirt zinc finger family member 2,NCBIGene:228911
ENSMUSG00000001911,Nfix,ENSMUST00000109764,nuclear factor I/X,NCBIGene:18032
ENSMUSG00000021318,Gli3,ENSMUST00000110510,GLI-Kruppel family member GLI3,NCBIGene:14634
ENSMUSG00000027168,Pax6,ENSMUST00000111087,paired box 6,NCBIGene:18508
ENSMUSG00000050447,Lypd6,ENSMUST00000112712,LY6/PLAUR domain containing 6,NCBIGene:320343
ENSMUSG00000029381,Shroom3,ENSMUST00000113054,shroom family member 3,NCBIGene:27428
ENSMUSG00000064080,Fbln2,ENSMUST00000113498,fibulin 2,NCBIGene:14115
ENSMUSG00000031111,Igsf1,ENSMUST00000114893,"immunoglobulin superfamily, member 1",NCBIGene:209268
ENSMUSG00000009376,Met,ENSMUST00000115443,met proto-oncogene,NCBIGene:17295
ENSMUSG00000022245,Skor1,ENSMUST00000116613,SKI family transcriptional corepressor 1,NCBIGene:207667
ENSMUSG00000020160,Meis1,ENSMUST00000118661,Meis homeobox 1,NCBIGene:17268
ENSMUSG00000000861,Bcl11a,ENSMUST00000118955,B cell CLL/lymphoma 11A (zinc finger protein),NCBIGene:14025
ENSMUSG00000034324,Tmem132c,ENSMUST00000119026,transmembrane protein 132C,NCBIGene:208213
ENSMUSG00000037610,Kcnmb2,ENSMUST00000119310,"potassium large conductance calcium-activated channel, subfamily M, beta member 2",NCBIGene:72413
ENSMUSG00000063600,Egfem1,ENSMUST00000119598,EGF-like and EMI domain containing 1,NCBIGene:75740
ENSMUSG00000066113,Adamtsl1,ENSMUST00000120678,ADAMTS-like 1,NCBIGene:77739
ENSMUSG00000018604,Tbx3,ENSMUST00000121021,T-box 3,NCBIGene:21386
ENSMUSG00000005268,Prlr,ENSMUST00000124470,prolactin receptor,NCBIGene:19116
ENSMUSG00000079042,Apela,ENSMUST00000124790,apelin receptor early endogenous ligand,NCBIGene:100038489
ENSMUSG00000075270,Pde11a,ENSMUST00000124825,phosphodiesterase 11A,NCBIGene:241489
ENSMUSG00000025089,Gfra1,ENSMUST00000129100,glial cell line derived neurotrophic factor family receptor alpha 1,NCBIGene:14585
ENSMUSG00000075324,Fign,ENSMUST00000131615,fidgetin,NCBIGene:60344
ENSMUSG00000041064,Pif1,ENSMUST00000136205,PIF1 5'-to-3' DNA helicase,NCBIGene:208084
ENSMUSG00000029591,Ung,ENSMUST00000137402,uracil DNA glycosylase,NCBIGene:22256
ENSMUSG00000048349,Pou4f1,ENSMUST00000139505,"POU domain, class 4, transcription factor 1",NCBIGene:18996
ENSMUSG00000025885,Myo5b,ENSMUST00000146253,myosin VB,NCBIGene:17919
ENSMUSG00000091002,Tcerg1l,ENSMUST00000160436,transcription elongation regulator 1-like,NCBIGene:70571
ENSMUSG00000042453,Reln,ENSMUST00000160791,reelin,NCBIGene:19699
ENSMUSG00000051111,Sv2c,ENSMUST00000161263,synaptic vesicle glycoprotein 2c,NCBIGene:75209
ENSMUSG00000029334,Prkg2,ENSMUST00000161490,"protein kinase, cGMP-dependent, type II",NCBIGene:19092
ENSMUSG00000052942,Glis3,ENSMUST00000162022,GLIS family zinc finger 3,NCBIGene:226075
ENSMUSG00000090061,Nwd2,ENSMUST00000162757,NACHT and WD repeat domain containing 2,NCBIGene:319807
ENSMUSG00000022372,Sla,ENSMUST00000164163,src-like adaptor,NCBIGene:20491
ENSMUSG00000005220,Corin,ENSMUST00000167460,"corin, serine peptidase",NCBIGene:53419
ENSMUSG00000031654,Cbln1,ENSMUST00000169693,cerebellin 1 precursor protein,NCBIGene:12404
ENSMUSG00000021239,Vsx2,ENSMUST00000169934,visual system homeobox 2,NCBIGene:12677
ENSMUSG00000043557,Mdga1,ENSMUST00000171691,MAM domain containing glycosylphosphatidylinositol anchor 1,NCBIGene:74762
ENSMUSG00000046782,Ttc6,ENSMUST00000172939,tetratricopeptide repeat domain 6,NCBIGene:70846
ENSMUSG00000031558,Slit2,ENSMUST00000173107,slit guidance ligand 2,NCBIGene:20563
ENSMUSG00000040016,Ptger3,ENSMUST00000173533,prostaglandin E receptor 3 (subtype EP3),NCBIGene:19218
ENSMUSG00000001496,Nkx2-1,ENSMUST00000178477,NK2 homeobox 1,NCBIGene:21869
ENSMUSG00000095105,Edaradd,ENSMUST00000179308,EDAR (ectodysplasin-A receptor)-associated death domain,NCBIGene:171211
ENSMUSG00000097623,B230323A14Rik,ENSMUST00000180488,RIKEN cDNA B230323A14 gene,
ENSMUSG00000049511,Htr1b,ENSMUST00000183482,5-hydroxytryptamine (serotonin) receptor 1B,NCBIGene:15551
ENSMUSG00000028864,Hgf,ENSMUST00000199581,hepatocyte growth factor,NCBIGene:15234
ENSMUSG00000030043,Tacr1,ENSMUST00000203775,tachykinin receptor 1,NCBIGene:21336
ENSMUSG00000030247,Kcnj8,ENSMUST00000203945,"potassium inwardly-rectifying channel, subfamily J, member 8",NCBIGene:16523
ENSMUSG00000063415,Cyp26b1,ENSMUST00000205228,"cytochrome P450, family 26, subfamily b, polypeptide 1",NCBIGene:232174
ENSMUSG00000096225,Lhx8,ENSMUST00000205251,LIM homeobox protein 8,NCBIGene:16875
ENSMUSG00000032269,Htr3a,ENSMUST00000217289,5-hydroxytryptamine (serotonin) receptor 3A,NCBIGene:15561
ENSMUSG00000043673,Kcns3,ENSMUST00000217974,"potassium voltage-gated channel, delayed-rectifier, subfamily S, member 3",NCBIGene:238076
ENSMUSG00000021680,Crhbp,ENSMUST00000221025,corticotropin releasing hormone binding protein,NCBIGene:12919
ENSMUSG00000069170,Adgrv1,ENSMUST00000224088,adhesion G protein-coupled receptor V1,NCBIGene:110789
ENSMUSG00000045731,Pnoc,ENSMUST00000224594,prepronociceptin,NCBIGene:18155
ENSMUSG00000056492,Adgrf5,ENSMUST00000225962,adhesion G protein-coupled receptor F5,NCBIGene:224792
ENSMUSG00000051920,Rspo2,ENSMUST00000226810,R-spondin 2,NCBIGene:239405
ENSMUSG00000013846,St3gal1,ENSMUST00000229028,"ST3 beta-galactoside alpha-2,3-sialyltransferase 1",NCBIGene:20442
ENSMUSG00000115965,Gm30564,ENSMUST00000229885,"predicted gene, 30564",
ENSMUSG00000022705,Drd3,ENSMUST00000229953,dopamine receptor D3,NCBIGene:13490
ENSMUSG00000023067,Cdkn1a,ENSMUST00000233296,cyclin-dependent kinase inhibitor 1A (P21),NCBIGene:12575
ENSMUSG00000024084,Qpct,ENSMUST00000233916,glutaminyl-peptide cyclotransferase (glutaminyl cyclase),NCBIGene:70536
ENSMUSG00000024907,Gal,ENSMUST00000237521,galanin and GMAP prepropeptide,NCBIGene:14419
ENSMUSG00000000889,Dbh,ENSMUST00000000910,dopamine beta hydroxylase,NCBIGene:13166
ENSMUSG00000001988,Npas1,ENSMUST00000002053,neuronal PAS domain protein 1,NCBIGene:18142
ENSMUSG00000015484,Fam163a,ENSMUST00000015628,"family with sequence similarity 163, member A",NCBIGene:329274
ENSMUSG00000019772,Vip,ENSMUST00000019906,vasoactive intestinal polypeptide,NCBIGene:22353
ENSMUSG00000020838,Slc6a4,ENSMUST00000021195,"solute carrier family 6 (neurotransmitter transporter, serotonin), member 4",NCBIGene:15567
ENSMUSG00000024064,Galnt14,ENSMUST00000024858,polypeptide N-acetylgalactosaminyltransferase 14,NCBIGene:71685
ENSMUSG00000025927,Tfap2b,ENSMUST00000027059,transcription factor AP-2 beta,NCBIGene:21419
ENSMUSG00000026514,Cnih3,ENSMUST00000027795,cornichon family AMPA receptor auxiliary protein 3,NCBIGene:72978
ENSMUSG00000028004,Npy2r,ENSMUST00000029633,neuropeptide Y receptor Y2,NCBIGene:18167
ENSMUSG00000028197,Col24a1,ENSMUST00000029848,"collagen, type XXIV, alpha 1",NCBIGene:71355
ENSMUSG00000028717,Tal1,ENSMUST00000030489,T cell acute lymphocytic leukemia 1,NCBIGene:21349
ENSMUSG00000029151,Slc30a3,ENSMUST00000031037,"solute carrier family 30 (zinc transporter), member 3",NCBIGene:22784
ENSMUSG00000032417,Rwdd2a,ENSMUST00000034988,RWD domain containing 2A,NCBIGene:69519
ENSMUSG00000033774,Npbwr1,ENSMUST00000044180,neuropeptides B/W receptor 1,NCBIGene:226304
ENSMUSG00000035551,Igfbpl1,ENSMUST00000044297,insulin-like growth factor binding protein-like 1,NCBIGene:75426
ENSMUSG00000037101,Ttc29,ENSMUST00000049395,tetratricopeptide repeat domain 29,NCBIGene:73301
ENSMUSG00000046550,Spin2c,ENSMUST00000049999,"spindlin family, member 2C",NCBIGene:278240
ENSMUSG00000090125,Pou3f1,ENSMUST00000053491,"POU domain, class 3, transcription factor 1",NCBIGene:18991
ENSMUSG00000050663,Trhde,ENSMUST00000061632,TRH-degrading enzyme,NCBIGene:237553
ENSMUSG00000053626,Tll1,ENSMUST00000066166,tolloid-like,NCBIGene:21892
ENSMUSG00000004633,Chn2,ENSMUST00000067741,chimerin 2,NCBIGene:69993
ENSMUSG00000023964,Calcr,ENSMUST00000075644,calcitonin receptor,NCBIGene:12311
ENSMUSG00000032776,Mctp2,ENSMUST00000079323,"multiple C2 domains, transmembrane 2",NCBIGene:244049
ENSMUSG00000066197,Gpr139,ENSMUST00000084650,G protein-coupled receptor 139,NCBIGene:209776
ENSMUSG00000046500,Tafa4,ENSMUST00000089295,TAFA chemokine like family member 4,NCBIGene:320701
ENSMUSG00000058400,Qrfpr,ENSMUST00000091227,pyroglutamylated RFamide peptide receptor,NCBIGene:229214
ENSMUSG00000060371,Caln1,ENSMUST00000111288,calneuron 1,NCBIGene:140904
ENSMUSG00000026452,Syt2,ENSMUST00000121990,synaptotagmin II,NCBIGene:20980
ENSMUSG00000059187,Tafa1,ENSMUST00000122120,TAFA chemokine like family member 1,NCBIGene:320265
ENSMUSG00000042514,Klhl14,ENSMUST00000122333,kelch-like 14,NCBIGene:225266
ENSMUSG00000026805,Barhl1,ENSMUST00000124059,BarH like homeobox 1,NCBIGene:54422
ENSMUSG00000028707,Dmbx1,ENSMUST00000124071,diencephalon/mesencephalon homeobox 1,NCBIGene:140477
ENSMUSG00000059857,Ntng1,ENSMUST00000133268,netrin G1,NCBIGene:80883
ENSMUSG00000020182,Ddc,ENSMUST00000136810,dopa decarboxylase,NCBIGene:13195
ENSMUSG00000075707,Dio3,ENSMUST00000173014,"deiodinase, iodothyronine type III",NCBIGene:107585
ENSMUSG00000027971,Ndst4,ENSMUST00000173932,N-deacetylase/N-sulfotransferase (heparin glucosaminyl) 4,NCBIGene:64580
ENSMUSG00000024517,Grp,ENSMUST00000173985,gastrin releasing peptide,NCBIGene:225642
ENSMUSG00000046159,Chrm3,ENSMUST00000187510,"cholinergic receptor, muscarinic 3, cardiac",NCBIGene:12671
ENSMUSG00000041730,Prrxl1,ENSMUST00000189022,paired related homeobox protein-like 1,NCBIGene:107751
ENSMUSG00000102362,4930509J09Rik,ENSMUST00000194514,RIKEN cDNA 4930509J09 gene,NCBIGene:74693
ENSMUSG00000047773,Ankfn1,ENSMUST00000208932,ankyrin-repeat and fibronectin type III domain containing 1,NCBIGene:382543
ENSMUSG00000022935,Grik1,ENSMUST00000228188,"glutamate receptor, ionotropic, kainate 1",NCBIGene:14805
ENSMUSG00000115432,D130009I18Rik,ENSMUST00000228435,RIKEN cDNA D130009I18 gene,NCBIGene:320249
ENSMUSG00000000247,Lhx2,ENSMUST00000000253,LIM homeobox protein 2,NCBIGene:16870
ENSMUSG00000032446,Eomes,ENSMUST00000035020,eomesodermin,NCBIGene:13813
ENSMUSG00000032360,Hcrtr2,ENSMUST00000063140,hypocretin (orexin) receptor 2,NCBIGene:387285
ENSMUSG00000078952,Lncenc1,ENSMUST00000109431,"long non-coding RNA, embryonic stem cells expressed 1",NCBIGene:100039691
ENSMUSG00000021848,Otx2,ENSMUST00000118578,orthodenticle homeobox 2,NCBIGene:18424
ENSMUSG00000033740,St18,ENSMUST00000151015,suppression of tumorigenicity 18,NCBIGene:240690
ENSMUSG00000073154,9330158H04Rik,ENSMUST00000161255,RIKEN cDNA 9330158H04 gene,NCBIGene:319472
ENSMUSG00000112117,Rmst,ENSMUST00000218060,rhabdomyosarcoma 2 associated transcript (non-coding RNA),NCBIGene:110333
ENSMUSG00000051159,Cited1,ENSMUST00000050551,Cbp/p300-interacting transactivator with Glu/Asp-rich carboxy-terminal domain 1,NCBIGene:12705
ENSMUSG00000032259,Drd2,ENSMUST00000075764,dopamine receptor D2,NCBIGene:13489
ENSMUSG00000063260,Syt10,ENSMUST00000029441,synaptotagmin X,NCBIGene:54526
ENSMUSG00000021541,Trpc7,ENSMUST00000022023,"transient receptor potential cation channel, subfamily C, member 7",NCBIGene:26946
ENSMUSG00000031364,Grpr,ENSMUST00000033730,gastrin releasing peptide receptor,NCBIGene:14829
ENSMUSG00000032087,Dscaml1,ENSMUST00000034592,DS cell adhesion molecule like 1,NCBIGene:114873
ENSMUSG00000019828,Grm1,ENSMUST00000044306,"glutamate receptor, metabotropic 1",NCBIGene:14816
ENSMUSG00000019230,Lhx9,ENSMUST00000046870,LIM homeobox protein 9,NCBIGene:16876
ENSMUSG00000053747,Sox14,ENSMUST00000054819,SRY (sex determining region Y)-box 14,NCBIGene:20669
ENSMUSG00000036357,Gpr101,ENSMUST00000057645,G protein-coupled receptor 101,NCBIGene:245424
ENSMUSG00000043659,Npsr1,ENSMUST00000059650,neuropeptide S receptor 1,NCBIGene:319239
ENSMUSG00000054667,Irs4,ENSMUST00000067841,insulin receptor substrate 4,NCBIGene:16370
ENSMUSG00000056296,Synpr,ENSMUST00000070323,synaptoporin,NCBIGene:72003
ENSMUSG00000059246,Foxb1,ENSMUST00000071281,forkhead box B1,NCBIGene:64290
ENSMUSG00000030069,Prok2,ENSMUST00000101120,prokineticin 2,NCBIGene:50501
ENSMUSG00000037025,Foxa2,ENSMUST00000109964,forkhead box A2,NCBIGene:15376
ENSMUSG00000031344,Gabrq,ENSMUST00000114553,"gamma-aminobutyric acid (GABA) A receptor, subunit theta",NCBIGene:57249
ENSMUSG00000086308,G630016G05Rik,ENSMUST00000152412,RIKEN cDNA G630016G05 gene,NCBIGene:108168785
ENSMUSG00000045875,Adra1a,ENSMUST00000159365,"adrenergic receptor, alpha 1a",NCBIGene:11549
ENSMUSG00000045991,Onecut2,ENSMUST00000175965,"one cut domain, family member 2",NCBIGene:225631
ENSMUSG00000029086,Prom1,ENSMUST00000196378,prominin 1,NCBIGene:19126
ENSMUSG00000115424,D130079A08Rik,ENSMUST00000228095,RIKEN cDNA D130079A08 gene,NCBIGene:320671
ENSMUSG00000000214,Th,ENSMUST00000000219,tyrosine hydroxylase,NCBIGene:21823
ENSMUSG00000042501,Cpa6,ENSMUST00000035577,carboxypeptidase A6,NCBIGene:329093
ENSMUSG00000031492,Chrnb3,ENSMUST00000060943,"cholinergic receptor, nicotinic, beta polypeptide 3",NCBIGene:108043
Blank-36,Blank-36,Blank-36,,
Blank-49,Blank-49,Blank-49,,
Blank-43,Blank-43,Blank-43,,
Blank-25,Blank-25,Blank-25,,
Blank-12,Blank-12,Blank-12,,
Blank-20,Blank-20,Blank-20,,
Blank-1,Blank-1,Blank-1,,
Blank-3,Blank-3,Blank-3,,
Blank-5,Blank-5,Blank-5,,
Blank-6,Blank-6,Blank-6,,
Blank-7,Blank-7,Blank-7,,
Blank-14,Blank-14,Blank-14,,
Blank-21,Blank-21,Blank-21,,
Blank-24,Blank-24,Blank-24,,
Blank-26,Blank-26,Blank-26,,
Blank-27,Blank-27,Blank-27,,
Blank-29,Blank-29,Blank-29,,
Blank-30,Blank-30,Blank-30,,
Blank-31,Blank-31,Blank-31,,
Blank-35,Blank-35,Blank-35,,
Blank-37,Blank-37,Blank-37,,
Blank-39,Blank-39,Blank-39,,
Blank-40,Blank-40,Blank-40,,
Blank-41,Blank-41,Blank-41,,
Blank-42,Blank-42,Blank-42,,
Blank-44,Blank-44,Blank-44,,
Blank-46,Blank-46,Blank-46,,
Blank-47,Blank-47,Blank-47,,
Blank-50,Blank-50,Blank-50,,
Blank-2,Blank-2,Blank-2,,
Blank-8,Blank-8,Blank-8,,
Blank-9,Blank-9,Blank-9,,
Blank-10,Blank-10,Blank-10,,
Blank-13,Blank-13,Blank-13,,
Blank-15,Blank-15,Blank-15,,
Blank-17,Blank-17,Blank-17,,
Blank-19,Blank-19,Blank-19,,
Blank-22,Blank-22,Blank-22,,
Blank-38,Blank-38,Blank-38,,
Blank-11,Blank-11,Blank-11,,
Blank-16,Blank-16,Blank-16,,
Blank-32,Blank-32,Blank-32,,
Blank-18,Blank-18,Blank-18,,
Blank-4,Blank-4,Blank-4,,
Blank-28,Blank-28,Blank-28,,
Blank-33,Blank-33,Blank-33,,
Blank-34,Blank-34,Blank-34,,
Blank-45,Blank-45,Blank-45,,
Blank-23,Blank-23,Blank-23,,
Blank-48,Blank-48,Blank-48,,
